{"_wandb":{"runtime":3359},"tau":0.952590113975742,"step":55562,"_step":55565,"_timestamp":1.7649039878039565e+09,"train_loss_epoch":-0.8850450016960058,"val_acc":0.24797347089167282,"_runtime":3359,"loss":-0.8874837160110474,"lr":0.000989467577138138}